{
	"class_name" : "PinholeCameraParameters",
	"extrinsic" : 
	[
		-0.92181303126888259,
		-0.38486650895940627,
		-0.046243979762487696,
		0.0,
		-0.073938160923312735,
		0.057465082517624694,
		0.99560580183651048,
		0.0,
		-0.38051791513955346,
		0.92118159695721336,
		-0.081428383781122257,
		0.0,
		0.46140409153012618,
		-2.0651737591809627,
		12.52989731712044,
		1.0
	],
	"intrinsic" : 
	{
		"height" : 1536,
		"intrinsic_matrix" : 
		[
			1330.2150202128978,
			0.0,
			0.0,
			0.0,
			1330.2150202128978,
			0.0,
			1243.5,
			767.5,
			1.0
		],
		"width" : 2488
	},
	"version_major" : 1,
	"version_minor" : 0
}